"code_group","file","size_bytes","last_write_time"
"cat_rms_and_das_processing","code\cat_rms_and_das_processing\calculate_cumulative_cat_rms.py","31890","2026-05-25T09:39:50"
"cat_rms_and_das_processing","code\cat_rms_and_das_processing\DASH5_PCA.py","14270","2026-05-25T09:39:50"
"cat_rms_and_das_processing","code\cat_rms_and_das_processing\estimate_background_rms_thresholds.py","33272","2026-05-25T09:39:50"
"cat_rms_and_das_processing","code\cat_rms_and_das_processing\extract_rms_snapshot_table.py","5428","2026-05-25T09:39:50"
"cat_rms_and_das_processing","code\cat_rms_and_das_processing\log_transform_rms_for_voxler.py","1300","2026-05-25T09:39:50"
"cat_rms_and_das_processing","code\cat_rms_and_das_processing\normalize_cumulative_rms.py","2781","2026-05-25T09:39:50"
"cat_rms_and_das_processing","code\cat_rms_and_das_processing\preprocess_lowpass_downsample_h5.py","11384","2026-05-25T09:39:50"
"cat_rms_and_das_processing","code\cat_rms_and_das_processing\strain_rate_to_strain_export.py","18304","2026-05-25T09:39:50"
"voxel_damage_analysis","code\voxel_damage_analysis\logistic_model_comparison_and_fit.py","29110","2026-05-25T09:39:50"
"voxel_damage_analysis","code\voxel_damage_analysis\main_damage_core_growth_analysis.py","44977","2026-05-25T09:39:50"
"voxel_damage_analysis","code\voxel_damage_analysis\p90_core_organization_metrics.py","15237","2026-05-25T09:39:50"
"voxel_damage_analysis","code\voxel_damage_analysis\supplementary_logistic_sensitivity_analysis.py","48650","2026-05-25T09:39:50"
